{
    "baseline": {
        "train_loss": [
            2.2192198598480224,
            2.1232079850769043,
            2.0635630507659912,
            2.0099620122528075,
            1.947502893333435,
            2.1308881955718992,
            2.3941294397735597,
            2.210347108917236,
            2.165569130554199,
            2.0847867237854003,
            1.9748587035369873,
            2.0210315544128417,
            2.187468574295044,
            1.8902371963882447,
            1.8002871362304687,
            1.748534185256958,
            1.711567918624878,
            1.6804774758911132,
            1.64918102935791,
            1.6140047276306153,
            1.5805769240951537,
            1.5494233560562134,
            1.5231675022888183,
            1.498064423751831,
            1.4767618756103515,
            1.4597776064300536,
            1.4440441855239867,
            1.4309929430389405,
            1.4195863919448852,
            1.4100429947662354,
            1.400604329147339,
            1.3926474031066896,
            1.3857178777313233,
            1.3801275283432006,
            1.3751647269439697,
            1.371110531578064,
            1.3679745072555543,
            1.3658443047332764,
            1.3638249699020386,
            1.3624753620147705
        ],
        "train_acc": [
            0.15838,
            0.2035,
            0.23004,
            0.25276,
            0.27766,
            0.25774,
            0.14836,
            0.18708,
            0.20484,
            0.23642,
            0.27504,
            0.26402,
            0.20822,
            0.3069,
            0.3429,
            0.36018,
            0.37394,
            0.38502,
            0.39766,
            0.41074,
            0.42268,
            0.43286,
            0.4451,
            0.45342,
            0.46238,
            0.46802,
            0.4734,
            0.47972,
            0.48364,
            0.48594,
            0.4873,
            0.49198,
            0.49476,
            0.49754,
            0.49892,
            0.50098,
            0.5021,
            0.5028,
            0.50282,
            0.50312
        ],
        "test_loss": [
            1.0174156205415725,
            1.0164107069253923,
            1.016553751707077,
            1.0156200133085251,
            1.0151238577365875,
            1.0225365295648574,
            1.0172948091268539,
            1.0171419278383256,
            1.0166709237933158,
            1.0161549174785613,
            1.0158417349696158,
            1.017668643283844,
            1.015639312529564,
            1.0143588172912599,
            1.0139774137496949,
            1.0136410350084304,
            1.0134197964072227,
            1.013161578464508,
            1.0128639542579652,
            1.012728148853779,
            1.0125207675099372,
            1.0122060475587844,
            1.012141875755787,
            1.011856959426403,
            1.0117501247882843,
            1.0117226666927337,
            1.0115375584602355,
            1.01147281498909,
            1.0114140152692794,
            1.0114314417243004,
            1.011267938065529,
            1.0112415504932404,
            1.0112290336012841,
            1.0112107540607453,
            1.0111384923815727,
            1.01112888160944,
            1.0111064036250115,
            1.0111039549946785,
            1.0111107911348343,
            1.0110832696080208
        ],
        "test_acc": [
            0.1761,
            0.2273,
            0.2303,
            0.2645,
            0.2849,
            0.1465,
            0.2005,
            0.2005,
            0.2379,
            0.2575,
            0.2711,
            0.1683,
            0.2693,
            0.3341,
            0.3563,
            0.3694,
            0.3838,
            0.3925,
            0.4086,
            0.4119,
            0.4199,
            0.4342,
            0.4408,
            0.4492,
            0.4592,
            0.4602,
            0.4697,
            0.4729,
            0.4766,
            0.4776,
            0.4842,
            0.4875,
            0.484,
            0.4855,
            0.4893,
            0.4921,
            0.4928,
            0.4929,
            0.4904,
            0.4937
        ],
        "epoch_times": [
            13.172207832336426,
            12.849005222320557,
            12.910309314727783,
            12.94136095046997,
            12.985060214996338,
            12.987411499023438,
            12.99767804145813,
            13.014290571212769,
            13.021880865097046,
            13.022225618362427,
            13.03057861328125,
            13.0325608253479,
            13.027825355529785,
            13.048588752746582,
            13.040146350860596,
            13.029816627502441,
            13.04101824760437,
            13.035072565078735,
            13.06402063369751,
            13.046023607254028,
            13.039964437484741,
            13.050055265426636,
            13.035832405090332,
            13.022194385528564,
            13.052683591842651,
            13.051599740982056,
            13.041963577270508,
            13.049743890762329,
            13.059788703918457,
            13.043898105621338,
            13.053310871124268,
            13.056179285049438,
            13.049806594848633,
            13.049882411956787,
            13.03335428237915,
            13.014353036880493,
            13.048473358154297,
            13.075774192810059,
            13.052006244659424,
            13.04712176322937
        ]
    },
    "ablated": {
        "train_loss": [
            2.2735282676696777,
            2.2379260749816896,
            2.210961660614014,
            2.264725214767456,
            2.2675458951568603,
            2.2380187147521973,
            2.0526535482025148,
            2.134605097503662,
            2.2202296911621096,
            1.8834380208969117,
            1.7899711716461182,
            1.7395219216156006,
            1.7011954205322266,
            1.6698423129272462,
            1.6466937117767333,
            1.6173567960357667,
            1.595056181640625,
            1.5740023975372315,
            1.5580967681503295,
            1.537401782913208,
            1.5193794658660889,
            1.5030539685058595,
            1.4843215107345582,
            1.4682661011123657,
            1.4524816666793823,
            1.437697427406311,
            1.4227522165298463,
            1.4125706438446044,
            1.4014123624420165,
            1.3923614390945434,
            1.3835203944015504,
            1.376758546180725,
            1.370267183303833,
            1.3642289631652833,
            1.3596496964263916,
            1.3551967179107667,
            1.3520985919952393,
            1.3495308864974975,
            1.3477782986450195,
            1.3462237698364259
        ],
        "train_acc": [
            0.14128,
            0.16408,
            0.17962,
            0.16202,
            0.15336,
            0.15722,
            0.24314,
            0.24342,
            0.22032,
            0.31548,
            0.34916,
            0.36756,
            0.3797,
            0.39138,
            0.39916,
            0.4109,
            0.4199,
            0.42744,
            0.43498,
            0.44264,
            0.4467,
            0.45484,
            0.46154,
            0.46792,
            0.4739,
            0.47796,
            0.48546,
            0.48968,
            0.4946,
            0.49804,
            0.50134,
            0.50368,
            0.50692,
            0.5092,
            0.51026,
            0.513,
            0.51436,
            0.51444,
            0.51638,
            0.51608
        ],